ds,yhat,yhat_lower,yhat_upper
2009-12-01,56642.82770649733,39893.493701813415,72296.07033405553
2009-12-02,54187.14367022111,38956.344081331794,70457.69566512003
2009-12-03,61304.785356436696,45605.82570964685,78033.14059531671
2009-12-04,51319.51095832948,35240.13878785085,66281.7499338601
2009-12-05,9858.574159134387,-6584.63029255319,25847.043051284672
2009-12-06,40653.212850631186,24832.807606913957,56509.592161542474
2009-12-07,51131.93888627408,36789.519627406036,66481.2078206196
2009-12-08,52620.960629443965,36049.49789725684,68249.67472918055
2009-12-09,48490.19854804303,32153.350888903326,64124.930028929884
2009-12-10,53926.96687295346,37064.03350808385,69166.74676641155
2009-12-11,42290.269348325004,26082.706441520404,59214.21617001959
2009-12-13,28551.452504102854,12680.996104555526,43817.42186277907
2009-12-14,37677.88340285719,21437.925135477664,54123.93685859448
2009-12-15,37979.89103785773,21674.533698986634,54353.50277179403
2009-12-16,32855.68836615664,17317.12121895405,48124.128199365274
2009-12-17,37517.00901219397,21813.312401146984,53189.280306783614
2009-12-18,25342.734509500766,9958.694451055355,40388.96986237272
2009-12-20,11295.946624659035,-4608.193212184204,26576.883856179782
2009-12-21,20664.632704799238,5236.88868905879,36529.84968929405
2009-12-22,21471.617841773263,5579.011693999779,37999.71326431794
2009-12-23,17106.560123753618,-134.07051519433656,33629.23314600588
2010-01-04,15497.52272155998,-292.12193649462495,31464.754807209967
2010-01-05,19516.519814468746,3497.2558020596725,35984.69305103239
2010-01-06,18229.650343842266,1660.2444710003351,34563.23741021064
2010-01-07,26772.427285012804,10948.158679763703,42612.790515615554
2010-01-08,18447.117602399303,2637.8202211369057,34129.27160484273
2010-01-10,11703.090395905865,-3601.699312033217,28024.291130550755
2010-01-11,24386.303857375926,8117.916309599496,42146.98541388762
2010-01-12,28200.02126402776,12199.938398035976,43078.04889591984
2010-01-13,26480.86402522379,10503.273124324185,42275.373782375194
2010-01-14,34382.12606644248,19500.713224126495,50274.44999476316
2010-01-15,25228.66981653472,9331.66042444606,42641.03250612648
2010-01-17,16378.98940112914,847.5784963392605,32348.441012821993
2010-01-18,27847.741207934443,11942.962030780125,45158.246681386554
2010-01-19,30384.75279875687,14278.060093651988,46539.64145068099
2010-01-20,27362.03414768834,12295.414053314018,44499.87102905311
2010-01-21,33968.15934526661,19204.296869306265,49924.089244099974
2010-01-22,23562.248101013774,7551.638828111961,40130.17051695111
2010-01-24,12462.421873961102,-3281.7298762161813,28520.1469728989
2010-01-25,22989.325325224978,6328.254545935746,38097.33992658927
2010-01-26,24737.49306885757,9238.433470530326,40603.46940222862
2010-01-27,21096.46860963376,5108.972316975713,37480.92239214104
2010-01-28,27267.388907786488,10947.788008934465,44326.58339465278
2010-01-29,16616.723334522478,226.48891623410134,32334.327209178948
2010-01-31,5601.629601970548,-11117.592564119775,22247.780935785388
2010-02-01,16446.494712359974,43.69932356833039,32190.870862356984
2010-02-02,18680.53985863026,2952.6601088812613,35067.62193746532
2010-02-03,15675.962541295215,-390.52896956070214,30923.233603517576
2010-02-04,22612.81744648014,6458.669852769181,38439.53510244438
2010-02-05,12833.411078308887,-2676.3908566470477,29427.64342100829
2010-02-07,3769.191367114261,-12661.050008535722,18307.802558233758
2010-02-08,15636.761562976146,-1570.6224681991434,31047.902397556805
2010-02-09,18886.654360121047,3648.809158485121,35688.7414225239
2010-02-10,16863.18633055193,2272.1876980754705,33314.0619501283
2010-02-11,24720.17883012333,8403.941801301964,41212.68754551027
2010-02-12,15776.062750758054,140.16871014463374,32014.527378979994
2010-02-14,8047.863021944891,-8684.41853134359,24145.32112592848
2010-02-15,20385.395729179236,4323.515953531917,35635.922623594255
2010-02-16,23959.604001574553,7509.173694477247,40142.645563582635
2010-02-17,22107.669825818466,6121.372741553309,37270.603678138374
2010-02-18,29985.62847000803,14620.946260593864,44885.16550797848
2010-02-19,20916.105536777824,4579.503202059582,35772.78496842949
2010-02-21,12535.440795943035,-4364.991654889655,28211.74864461763
2010-02-22,24373.909110337183,9348.517633616633,41231.177306380996
2010-02-23,27357.70707665224,11951.284104456068,44919.80829248248
2010-02-24,24847.39382396228,9031.200027436817,40564.494623304076
2010-02-25,32019.172917132993,14869.214822091459,47318.97961979439
2010-02-26,22219.214515512165,6648.532145342629,37875.79076351675
2010-02-28,12399.510873202355,-4849.225068651262,27413.922298867186
2010-03-01,23574.762339624616,8046.5390720445885,40611.96206903504
2010-03-02,25960.521748626517,9906.996111054357,42573.46722288195
2010-03-03,22935.211917013177,6572.350175304189,39113.38646121351
2010-03-04,29689.983541879163,13381.295423475525,44466.78938241768
2010-03-05,19582.626149623946,3226.4604625528627,36632.855045641336
2010-03-07,9505.061870648498,-6975.815715144261,24835.82281625831
2010-03-08,20734.26021184823,3709.0816959371896,35638.98278776588
2010-03-09,23292.35675790573,8515.735209524422,38873.38982701409
2010-03-10,20550.456383889887,4072.8681549722087,36724.9729581645
2010-03-11,27688.952940777646,12195.957762228138,44262.130948274804
2010-03-12,18051.809164283524,2814.2968568872725,34646.62490688919
2010-03-14,9106.299342598155,-6637.4130817696905,26103.136994115768
2010-03-15,20958.808648432776,4953.139399797419,36778.28242367745
2010-03-16,24150.865988398444,8668.74426732236,41001.40659932798
2010-03-17,22032.49870140083,6238.474745942327,39184.3577965587
2010-03-18,29763.46756348615,14242.146135340148,45824.091025476424
2010-03-19,20668.180322511835,4249.7587511063475,37044.46405567616
2010-03-21,12585.235624535175,-3612.2564426768563,27501.19582514955
2010-03-22,24729.81807218148,8966.509406111474,40911.45269678574
2010-03-23,28106.920320940517,12315.417314899743,43589.55259787611
2010-03-24,26060.039661814622,10102.153582890323,42300.167850369944
2010-03-25,33745.96236678937,18757.667211438482,50759.000649346264
2010-03-26,24489.756735023635,9282.025925619322,40155.79154220089
2010-03-28,15757.882332658917,-707.9242468226141,32628.465946635708
2010-03-29,27433.133276016983,9680.591388414805,42896.33230724407
2010-03-30,30261.80792570289,14127.634476325518,47030.69952237866
2010-03-31,27603.690875453583,12197.349614025912,43294.187629595035
2010-04-01,34633.81367270599,18792.33442478563,50887.776653904526
2010-04-06,27905.186028947977,11922.634723087449,44434.72762302069
2010-04-07,24743.200634267625,7901.285510058285,41150.87125879589
2010-04-08,31358.022982032453,15595.664368291578,47840.392436694725
2010-04-09,21107.200587580806,5268.442943944017,37830.205483928985
2010-04-11,10733.706574180153,-5390.407983116133,27283.849899337656
2010-04-12,21812.526938379615,5849.895493112085,37114.07317240754
2010-04-13,24220.887488624052,7069.762268353309,40580.435782921224
2010-04-14,21332.175144711335,5349.891481635326,36371.534264583766
2010-04-15,28329.471480976375,12521.158475175744,45046.91648914034
2010-04-16,18559.75237809815,3165.253464336227,34714.405101553886
2010-04-18,9388.064129194294,-7151.122072487985,24786.99825339356
2010-04-19,21153.709427987313,4881.568905405924,38001.980781731516
2010-04-20,24280.76814007787,7960.730209501257,40708.65832846306
2010-04-21,22122.288239251495,5172.1964593459115,37913.704120087605
2010-04-22,29840.695349215766,13660.45865377064,46066.93646323719
2010-04-23,20762.59482650086,3458.992706869265,37032.02471914668
2010-04-25,12809.135260397949,-3018.1834207940556,28367.469277545228
2010-04-26,25067.24681995857,8826.591745735845,40970.365175590494
2010-04-27,28589.970938820887,12005.438036978037,44796.660158422805
2010-04-28,26719.49094359034,10910.48431031942,42006.17661630855
2010-04-29,34610.47753219987,18277.894224747997,51555.64370970207
2010-04-30,25585.101176203727,9699.58918856334,42346.08130753869
2010-05-02,17376.955817166134,1016.0401528095408,33226.64892310994
2010-05-04,32455.773215516412,16450.05762977524,48687.80990525296
2010-05-05,30090.630733065358,13709.5000705856,45870.0628277003
2010-05-06,37409.50327450321,22360.742405859484,53417.001127291674
2010-05-07,27751.02007818267,11062.863207169159,43110.283798602475
2010-05-09,18166.966484825054,685.1120232987809,33324.570243034104
2010-05-10,29421.82934981546,12597.831313016579,45224.86084430469
2010-05-11,31852.965122381313,16621.509986855774,47138.56475087538
2010-05-12,28833.288367161167,12694.700843448016,44946.383695035525
2010-05-13,35549.53116927971,19499.04371310794,51274.69418771229
2010-05-14,25356.31428033419,10414.46646474278,41475.02885188866
2010-05-16,14959.28886550162,-1707.5875225417394,29794.86595983891
2010-05-17,25955.655442315874,11730.996360561163,42509.72399871147
2010-05-18,28235.142973015318,13069.550199096477,43839.67181333567
2010-05-19,25172.835977857845,9150.861072150732,41727.732713076955
2010-05-20,31954.398842833558,16261.074024140542,47483.393714377686
2010-05-21,21930.20841932388,6026.60217605037,37803.92181618116
2010-05-23,12150.517017202399,-4621.341970136814,27887.38639102249
2010-05-24,23572.651403055766,6867.0351654267015,38503.129496481764
2010-05-25,26337.251714225404,8123.122346906189,41996.9989727725
2010-05-26,23803.238379529826,7428.110336202814,39097.6361639667
2010-05-27,31139.000753078326,14310.779546648006,47635.19673421918
2010-05-28,21677.055393209903,5650.081624769769,37271.23931001153
2010-05-30,12974.854138901703,-3759.148818618946,28691.04064019033
2010-06-01,28065.817798135497,13555.626833077564,44351.402508790816
2010-06-02,25883.012070425855,9029.896900919886,40818.48779126254
2010-06-03,33487.682024835434,17213.427253275695,50163.75601948237
2010-06-04,24204.247414718157,9192.217726643861,41357.478302659685
2010-06-06,15569.734664768781,63.643177913789145,31525.643662129056
2010-06-07,27360.832612485665,10047.673448116555,42039.794278282316
2010-06-08,30342.12771906842,13942.930869128095,46615.17194187257
2010-06-09,27866.01324263851,11201.840079275744,43684.40931770546
2010-06-10,35099.25758934686,20240.755031119643,51236.43798270917
2010-06-11,25377.670974756133,8543.210574602215,40564.92032004825
2010-06-13,15721.588756176861,-246.40109307345847,31562.069972171317
2010-06-14,26960.109642803283,10946.137851070162,42583.78123876973
2010-06-15,29382.834736369667,13503.878844725969,44971.547331347225
2010-06-16,26358.794298875968,11887.95947756297,42193.60277922221
2010-06-17,33070.98170556432,16607.29759971708,47919.445547333504
2010-06-18,22870.536652105937,7273.439474887875,38216.931793205535
2010-06-20,12437.504487892777,-3171.471060134748,27994.85483462649
2010-06-21,23400.28002478076,6838.270470078259,39523.373403568
2010-06-22,25633.515401189736,10469.629061672027,41257.18864268239
2010-06-23,22511.370296013767,5957.540481529012,38749.93609645964
2010-06-24,29219.239120725706,12830.298286755431,45307.952126524695
2010-06-25,19107.889634890154,3669.4370664547923,35128.45630214518
2010-06-27,9118.261376914017,-7830.680069941052,24523.406866451252
2010-06-28,20421.505947643105,4361.3317787399765,35590.307745954866
2010-06-29,23061.41939052559,7552.582537113912,39270.48739714342
2010-06-30,20400.098735526204,4407.4032413176765,36523.707508222156
2010-07-01,27609.460728342772,11949.022699525609,44470.48125476034
2010-07-02,18025.806505952616,2273.007499817127,34691.77615553363
2010-07-04,9110.087313836904,-6370.074163775723,26220.562673918957
2010-07-05,20929.779565659428,4954.452235559113,35842.437816510086
2010-07-06,24053.71552909552,9569.794739201996,40508.63514219838
2010-07-07,21831.37977319509,5349.224006982905,37935.32616234536
2010-07-08,29423.69175717715,13302.989773615356,45318.20994640814
2010-07-09,20157.886159924627,3961.4583351811452,35934.85581046595
2010-07-11,11657.387824650421,-4137.798683838796,27487.51551019682
2010-07-12,23567.878023483332,6782.4093774854855,39234.459001768264
2010-07-13,26704.49110700149,9392.833424493228,42423.22656962876
2010-07-14,24419.58823322552,7767.849545478255,40711.1790855322
2010-07-15,31879.272047440027,15444.519237159675,48690.590105026735
2010-07-16,22418.063381952823,7034.448665164004,39262.1553102394
2010-07-18,13376.42324728154,-2846.3902879592024,30040.39851157452
2010-07-19,24963.569680009332,10471.260900018082,41697.88331732642
2010-07-20,27758.07851465235,11019.4251418568,43685.35044182086
2010-07-21,25125.118494378843,9312.53315931494,42200.13112746841
2010-07-22,32243.476730553342,16240.27776629609,49556.54442720584
2010-07-23,22459.811445341507,7906.821811083791,39660.06255274305
2010-07-25,12873.296054697585,-4434.239821321657,29964.664560800913
2010-07-26,24256.119843003562,7782.501029890371,38913.06137322024
2010-07-27,26900.777772036497,11269.092045388665,42960.74663417703
2010-07-28,24176.648589979985,9276.838757692387,40438.7830035282
2010-07-29,31264.49017319365,15364.844331161312,47131.96073947141
2010-07-30,21510.638107725095,5525.957111935362,37696.90324919834
2010-08-01,12152.19842208429,-3232.751486860408,27232.274899458145
2010-08-02,23721.764197921133,7555.014150298672,40648.53143551753
2010-08-03,26590.86924374997,8930.342143124823,42072.3359260772
2010-08-04,24118.929973829498,7680.036834695372,40303.177943725655
2010-08-05,31475.644731855908,14817.0260223265,46770.549536815706
2010-08-06,21995.585354199735,6041.862868093641,37711.527268156715
2010-08-08,13151.445145521759,-2837.009022166794,29085.34749881725
2010-08-09,24938.298487717624,9171.666821869765,41621.33187030984
2010-08-10,27984.02093996809,11616.056949377642,43379.402290114085
2010-08-11,25639.09181450571,10248.62058104632,41543.15331822039
2010-08-12,33066.00359356894,17044.626261539466,49288.926079517536
2010-08-13,23594.146052291864,7523.279493713943,41010.98131040639
2010-08-15,14571.116398850718,-1260.7821905126,29780.387618980963
2010-08-16,26172.32857601024,10157.791729119606,42260.85361937271
2010-08-17,28973.39229457355,12308.48297514221,44274.49544174718
2010-08-18,26331.646643602144,11764.739005032756,42720.16022020439
2010-08-19,33418.68180460529,17367.470019448003,48979.29974084091
2010-08-20,23574.981574080382,6625.641842076982,39647.403302498176
2010-08-22,13764.795253039101,-2408.1982239409986,29929.285043029147
2010-08-23,24979.763780895468,8771.538761508,41876.41495840062
2010-08-24,27419.874644623487,11550.058829034326,43034.42868870101
2010-08-25,24457.818275430054,8350.185869590498,39888.359581374985
2010-08-26,31279.986048026298,14473.667930457652,48935.82510127573
2010-08-27,21240.62525591713,5830.009682012206,37201.63791814886
2010-08-29,11293.842819307192,-4134.287276574298,27107.1839277499
2010-08-31,25208.908963292284,8501.56305944769,42034.11428536499
2010-09-01,22537.124063548028,5800.049494273953,38943.31150669211
2010-09-02,29756.713027215665,14235.141594663659,46508.56373296878
2010-09-03,20218.27148820544,3993.330462386307,36368.51357003855
2010-09-05,11553.830085080352,-4494.5406459638825,29491.19190644993
2010-09-06,23605.35013552638,8603.100559185523,39696.75532595198
2010-09-07,27046.6342256766,10392.928549706005,42746.47970541179
2010-09-08,25235.69620567486,10284.99602674257,40764.04609307025
2010-09-09,33339.50156991054,17335.30190733441,49477.46164308583
2010-09-10,24688.53699752654,7712.0417230732255,40592.01299574266
2010-09-12,17725.524580225607,1775.5516982152815,33788.595840716436
2010-09-13,30549.6050796369,14680.56437579111,47650.823822534265
2010-09-14,34685.07048345682,19510.049908766327,50414.79511123552
2010-09-15,33472.04907281586,16904.527600643967,49329.01790591391
2010-09-16,42061.699234708576,24135.737601987337,57695.56321217882
2010-09-17,33771.237923799905,18252.49743224244,48777.47828401955
2010-09-19,27115.093285137005,10679.62941453334,44120.85525174787
2010-09-20,39874.81894695392,24317.020226004028,55906.964158760326
2010-09-21,43799.50684359135,27467.807121573063,59372.29039331489
2010-09-22,42232.89654548191,27091.604606910074,58279.782145196754
2010-09-23,50333.32098416817,32799.49108820115,65606.11387683202
2010-09-24,41428.56462158958,26670.383736262243,56876.214014129255
2010-09-26,33226.170923566504,16353.713583200328,48778.09810298372
2010-09-27,45089.21269324432,29664.642241856887,59823.750337694706
2010-09-28,48061.75268331924,32737.59006560659,63732.39419334326
2010-09-29,45509.45456477844,28620.91523020624,60546.805942450635
2010-09-30,52613.267805612195,36498.537050263694,68889.98533761327
2010-10-01,42723.67494483115,27115.434101772633,59352.55598227794
2010-10-03,32674.466866485447,15264.800039945008,47612.23861063495
2010-10-04,43715.90686156031,27436.943444433735,59126.39492412855
2010-10-05,45958.28954522786,29226.29924266371,61665.3354929967
2010-10-06,42781.74083661502,25749.29957921801,58553.760118134895
2010-10-07,49378.63193541388,33381.52816373306,65596.38969093513
2010-10-08,39107.53968316086,23952.660292406414,54323.69863221698
2010-10-10,28686.302991576336,11145.495425298142,43538.899848800465
2010-10-11,39735.5690753848,23023.017078811004,54456.71554392662
2010-10-12,42108.05042684279,26015.781174475916,57726.428179053575
2010-10-13,39174.547477552056,22925.172231351506,54869.21596562411
2010-10-14,46115.17975852672,31230.02010120666,62230.74023309869
2010-10-15,36273.74814948572,18858.86420344199,52511.22627286466
2010-10-17,26900.772736385363,10853.430777165842,42486.904020883834
2010-10-18,38531.015619610334,22379.975675282272,54125.35670237116
2010-10-19,41496.322733184315,26402.14667535647,58138.818662891616
2010-10-20,39148.1426625338,21524.901191856672,55690.3075060292
2010-10-21,46648.10940073602,31781.07593581581,62785.54466649956
2010-10-22,37322.97215859391,20947.366931035634,53147.07885079553
2010-10-24,28795.489604888375,13032.711932971853,45432.80024056551
2010-10-25,40732.35559725739,23483.54054013184,56736.75742757627
2010-10-26,43916.76804886862,27848.749650476413,59483.350159741
2010-10-27,41696.64991532851,26060.281462757557,58228.575252093644
2010-10-28,49233.47865950665,34465.91905789774,65761.89837365934
2010-10-29,39857.19785314967,22336.176533665453,54886.38347090664
2010-10-31,30992.083889834634,14919.61597533111,46529.445223641495
2010-11-01,42663.95746127844,25393.283291495616,58560.3377693567
2010-11-02,45537.61858430205,29810.737152009864,61076.93841399897
2010-11-03,42977.08057968796,27940.75363274641,58599.220510355175
2010-11-04,50161.11638833438,33227.08052205866,66647.69519646722
2010-11-05,40437.572235089705,24578.480312598076,56700.12028672938
2010-11-07,30965.41418283037,15225.42477149908,46736.001897096445
2010-11-08,42410.713773777046,25632.628409343473,58287.0020823941
2010-11-09,45128.53797285004,29049.25076827184,61292.470271736325
2010-11-10,42494.624092433914,27011.493382817087,57625.22350262512
2010-11-11,49696.60916666206,34216.89468036484,65470.756813932865
2010-11-12,40087.95816059282,23368.207959579446,55816.38041374675
2010-11-14,31141.039111325976,14929.619948111556,46894.779300113994
2010-11-15,42989.635884100266,26694.33602795808,58880.94778987408
2010-11-16,46193.58601689512,30845.10562157623,62110.4102557736
2010-11-17,44115.91054815013,28945.78603687131,60879.86160977696
2010-11-18,51928.24927930388,36346.286211877035,67670.49979439894
2010-11-19,42965.18255595717,26332.37349230883,59222.264514279625
2010-11-21,35328.19178140028,19990.679582906,51096.084548572384
2010-11-22,47793.777652057484,32033.230781292154,64110.44673526844
2010-11-23,51556.58997508152,34849.8810805188,68692.58844390618
2010-11-24,49955.198498323734,32991.04338818549,66824.67436513255
2010-11-25,58137.811126004264,41921.11715015751,74378.64221264515
2010-11-26,49417.333111022745,33097.578387487876,64659.861968472345
2010-11-28,41808.73048772801,26423.02763943771,57144.93145630128
2010-11-29,54031.61948293881,38661.45358424353,70203.43387618518
2010-11-30,57368.12784728786,40926.304430778,73276.13217361689
2010-12-01,55153.182502783064,40043.411833232465,71217.10973887648
2010-12-02,62536.18319487032,47325.494330507216,78176.03770338645
2010-12-03,52836.19696592074,36654.216827067925,69596.63216594615
2010-12-05,42778.248695477385,27685.981978289983,58638.23671836766
2010-12-06,53567.78730360085,37569.04240835217,69077.30876036362
2010-12-07,55363.34453745557,39046.76744285913,71392.9372735437
2010-12-08,51528.15122009607,36035.10649230081,66327.72308839792
2010-12-09,57242.902213938374,41285.09778351766,73607.2887858516
2010-12-10,45860.22132573575,28533.691922316782,61515.68202633618
2010-12-12,32534.202517084508,16691.58998757727,47243.26218167576
2010-12-13,41809.297653226604,25610.91016768072,57088.031062248316
2010-12-14,42216.04291246934,26402.62977253311,57511.79763549342
2010-12-15,37149.72757102688,21532.829854321277,52662.05172794002
2010-12-16,41820.191790045166,26081.617047368985,57461.48723337006
2010-12-17,29605.51357810355,14430.477503277092,46137.41876924613
2010-12-19,15331.676871482316,-707.8037182091468,31801.01118494143
2010-12-20,24517.70746417668,8908.883373127432,40176.184012115475
2010-12-21,25100.390255801143,8691.21045900226,41024.765870181094
2010-12-22,20473.94171459428,4649.125585537149,38497.07460351403
2010-12-23,25841.133706559052,10567.485389610361,42148.99671074823
2011-01-04,19082.974439989408,3666.5969486267604,34938.64018008895
2011-01-05,17691.86982819634,927.9319729809303,33118.830005982476
2011-01-06,26176.672131071038,10907.141430543448,42038.974645341594
2011-01-07,17839.61742617163,670.6292163798024,32526.147815534496
2011-01-09,11205.098804572126,-4493.028464261543,27867.081430896622
2011-01-10,24004.088143003602,7594.6981357855575,39127.190058044274
2011-01-11,27969.018647367928,10809.66098489456,44571.11695181005
2011-01-12,26431.54946293788,10059.06808787256,41125.948116752195
2011-01-13,34539.34944451491,19219.410797461016,50963.54855894287
2011-01-14,25611.146362089123,7901.11847914499,40810.10068177642
2011-01-16,17242.028917319712,1294.344280878053,33489.98923121106
2011-01-17,28952.79022797256,12899.106336244364,44728.61108875955
2011-01-18,31724.273899482814,15076.464450596972,47169.56084526185
2011-01-19,28922.35847973661,14030.52256996866,44940.96405995582
2011-01-20,35729.9834342411,20081.638010798066,51921.968345297144
2011-01-21,25501.27049414911,10190.407574923996,41019.722039009415
2011-01-23,14666.83198078859,-439.1331164104288,30221.867491021607
2011-01-24,25276.08912484624,9185.243899659303,40340.69702092301
2011-01-25,27070.760941538745,11114.176807697322,43176.30919431641
2011-01-26,23439.920004108786,7296.592480450437,39893.34609222908
2011-01-27,29585.227508700864,12857.524627554514,46342.55971708143
2011-01-28,18874.639016062545,3591.0505713271154,35057.48136336319
2011-01-30,7647.146044839423,-8224.16298863604,22271.813601928003
2011-01-31,18346.669747308646,1773.3256057357148,34066.922822843044
2011-02-01,20415.106880473624,4721.127736550255,36225.335865726214
2011-02-02,17229.631516197653,1197.3828978741506,33038.72407151169
2011-02-03,23975.584788207016,6902.669600196568,40110.142532552665
2011-02-04,14000.71595076024,-1058.5076537653551,30015.892504013205
2011-02-06,4553.51081041374,-10939.956412855856,19908.65378629136
2011-02-07,16243.842250034397,-466.4469207851938,31276.918883040238
2011-02-08,19332.221992286937,3789.6307965266815,35501.67680738828
2011-02-09,17166.970331189557,1626.3760399323494,33908.27835594981
2011-02-10,24905.253907871545,8535.04228572152,40520.83036684349
2011-02-11,15868.10751818804,1324.6422859849774,33009.26220992541
2011-02-13,8037.25299094675,-8043.64578496082,25352.969090446153
2011-02-14,20366.238537481415,3147.072093932513,37042.22642137312
2011-02-15,23959.733931659594,7816.625743676658,40292.84910267023
2011-02-16,22155.82597953119,6138.283520076484,37672.012417618054
2011-02-17,30105.8557676889,14857.006034085509,45527.51300001957
2011-02-18,21129.522883697653,5628.63233699984,37038.375512097235
2011-02-20,12984.190659793125,-2375.509428183184,28976.86398623075
2011-02-21,24956.600134978147,7770.014787959695,40985.90112164365
2011-02-22,28079.312603915358,12602.245247769319,43654.02604150486
2011-02-23,25708.375330425282,9660.863851439997,41439.83018598074
2011-02-24,33015.55964051738,17154.78280146959,48984.176340069804
2011-02-25,23342.81478558009,8349.674786743959,39572.732419780834
2011-02-27,13737.866662945473,-2141.5439651342413,30053.703799542232
2011-02-28,24994.326856022122,10750.752132361777,42782.339937685196
2011-03-01,27440.6140361316,12822.006558798623,42940.363802965636
2011-03-02,24453.56541235487,9023.11969519181,40261.30961848585
2011-03-03,31223.46963992559,15055.108834406465,47062.06974996196
2011-03-04,21107.994658812306,5433.944416867377,37136.329559093174
2011-03-06,10947.605356426513,-5283.404357511286,26756.9476386868
2011-03-07,22105.396470650307,7265.437646949473,37891.08085269743
2011-03-08,24575.319513476614,8187.877388040827,41417.08465185355
2011-03-09,21731.555496933288,6565.46739340147,36967.634921297366
2011-03-10,28757.9807725294,12043.954994393755,44269.90391534868
2011-03-11,19002.335503441467,3596.606488978436,36607.702096200686
2011-03-13,9816.400811766522,-7273.130978739106,26322.14131635383
2011-03-14,21554.929850769793,4628.8685362060905,38931.20500735966
2011-03-15,24642.218192265977,8796.270653140858,40169.850318408295
2011-03-16,22431.73177327508,6266.422079217401,37980.80629057184
2011-03-17,30086.259992969997,14228.571805510688,46287.12452773984
2011-03-18,20932.738207186918,4236.479541812051,37296.348348762556
2011-03-20,12795.114053294878,-4116.060008114345,27741.879902001667
2011-03-21,24945.214893290766,8663.786631032917,40809.85938371432
2011-03-22,28349.912849850814,12346.220157075055,43971.829872891125
2011-03-23,26351.976165039687,9715.19146778353,42989.15633114955
2011-03-24,34106.80190886735,17180.277069310767,49818.86148597242
2011-03-25,24937.44892405316,8158.90357364064,40585.0776548025
2011-03-27,16422.399931540305,679.370726003048,32873.09941012031
2011-03-28,28221.16190253921,12658.123144032455,44460.10000184377
2011-03-29,31178.570819582896,15383.645091364358,46361.94404140373
2011-03-30,28650.542924339003,12413.877471393775,44936.961446002686
2011-03-31,35808.19136206429,18575.21525283888,52529.33803532142
2011-04-01,25992.382202148958,10612.747985166174,42106.24716391462
2011-04-03,16114.951829419202,-276.33538491590497,31733.358639269092
2011-04-04,27238.756900279266,10642.196694496237,43577.42202759518
2011-04-05,29552.63052387874,13290.364189039334,44987.1612665642
2011-04-06,26431.98003563276,10636.686527608894,42217.85901537815
2011-04-07,33065.93675955973,16942.52118657317,49205.888441554314
2011-04-08,22811.373730548967,7480.632070015416,39296.00185032998
2011-04-10,12362.435249672397,-3967.9111165644404,28542.829285330925
2011-04-11,23371.540935396624,8115.843237407344,38241.96347969148
2011-04-12,25691.229965033177,9166.84369196173,41395.97368009525
2011-04-13,22697.374406244213,6690.593408702919,38779.76106734666
2011-04-14,29576.020904653837,13919.187600426692,46671.94084400329
2011-04-15,19677.50263095554,2718.7838646639734,36286.6252953423
2011-04-17,10232.555728858588,-5691.186164047868,28165.582634650043
2011-04-18,21861.48772116334,5650.742405169544,37633.16374910412
2011-04-19,24856.94954305314,9232.59278236533,41489.437614814124
2011-04-20,22575.705044359824,6387.87911194086,39558.59266389166
2011-04-21,30183.63485095538,14969.951514323238,46967.80668497157
2011-04-26,28655.967105203064,12250.895712896565,43775.85095160139
2011-04-27,26795.72228782248,10404.76167997263,43151.168832333264
2011-04-28,34719.42120324006,18828.477732241136,50507.958720767994
2011-05-01,17705.664430550696,1517.4832180020064,33879.37749267504
2011-05-03,33009.53624953714,16916.38930421539,49843.667618988424
2011-05-04,30771.36257166358,14455.986432999583,47176.922071310226
2011-05-05,38222.098728807025,22808.85258827303,53950.57354041631
2011-05-06,28696.664971722752,12517.417916700986,45462.695611560215
2011-05-08,19367.553737826045,3921.919159380579,35214.92466497677
2011-05-09,30737.33385931667,15502.210587082336,46228.27224077332
2011-05-10,33270.82259383846,17127.277596252876,49582.40490668954
2011-05-11,30338.26557950838,14624.549772260963,45666.049701067175
2011-05-12,37124.2001173421,20173.25649214823,52596.02156067093
2011-05-13,26981.58665868997,12474.991419973683,42607.28019520553
2011-05-15,16624.781245039838,803.9920614170748,32716.499356823624
2011-05-16,27610.42515467749,12330.333367639008,42969.0762187979
2011-05-17,29859.422167135082,13863.03528212409,46537.54260463446
2011-05-18,26748.175041819406,10976.07812187075,42953.47101591147
2011-05-19,33464.198809038826,17302.140699683314,49696.571868037325
2011-05-20,23360.193576646514,7515.084014014289,38864.91688487977
2011-05-22,13389.250037459811,-2088.297307054712,31046.67777152339
2011-05-23,24706.24251972302,8519.149569352145,40909.952299777644
2011-05-24,27363.82349755209,11032.274494557305,43696.689429000995
2011-05-25,24724.313699062463,9454.723712145456,40732.375883989065
2011-05-26,31959.420860264065,16809.242103073022,47196.735298855594
2011-05-27,22404.799381168843,7273.884854778006,39204.328633779616
2011-05-29,13552.285973134756,-3778.119428024485,29605.279838935923
2011-05-31,28554.176445644887,13431.812499031206,44450.40136918241
2011-06-01,26353.42958512049,11217.554484845039,42684.89105895304
2011-06-02,33958.743474154704,17287.11585056871,50529.215672894075
2011-06-03,24694.469659371884,8635.293329897988,40405.92382843321
2011-06-05,16150.765161232233,1319.0355432322062,32499.573902797034
2011-06-06,28010.669456970187,12363.738644605026,44094.47213131257
2011-06-07,31073.699200373714,15821.338034151826,46515.569012783344
2011-06-08,28689.75265294154,12166.15749254659,44185.01198306334
2011-06-09,36022.80256059668,19469.893488068003,52601.09445545011
2011-06-10,26405.649220924854,11583.241248182647,43013.6781392338
2011-06-12,16959.761551802014,1643.7898784648382,33844.453110135786
2011-06-13,28297.79363950685,11917.308490745392,44583.47089965771
2011-06-14,30812.344841782353,14447.216705125207,46161.168985765486
2011-06-15,27869.761630715057,12088.719348797877,43064.84354469116
2011-06-16,34650.67893832509,17623.199956816476,50846.88668801441
2011-06-17,24504.271268587403,7952.974540370102,41010.79101576224
2011-06-19,14129.660214457897,-2089.0346335548093,29265.450970130343
2011-06-20,25095.28253637146,8806.563334920487,40477.05953857485
2011-06-21,27313.634621605557,12008.17153970279,43225.5921271794
2011-06-22,24159.41251360656,8278.030855113824,39676.3136886551
2011-06-23,30819.04580230746,14477.534118767893,47221.39027075366
2011-06-24,20644.799614777367,4230.13120028128,36117.24095573381
2011-06-26,10493.380596988605,-6646.272280914975,25273.70252768778
2011-06-27,21702.52509999779,6104.562115270549,36962.91689395717
2011-06-28,24243.112503621032,7288.280166565824,40228.79966678012
2011-06-29,21480.082961160737,4875.842135624067,37527.43842987081
2011-06-30,28588.21939658854,13692.565412482103,44933.8723600536
2011-07-01,18906.62439750734,1629.106899399498,35431.80343863697
2011-07-03,9815.25631064835,-4716.7962293968685,25972.523007717413
2011-07-04,21561.78577745144,5259.8155520442815,35902.46647073502
2011-07-05,24624.801760161827,8744.784034723993,40698.979865997186
2011-07-06,22355.138781595193,6594.739843285141,39913.700868436725
2011-07-07,29914.619459745696,13809.387282112744,45475.26211081643
2011-07-08,20630.91340416838,4973.521225142314,36982.78322437696
2011-07-10,12138.78177539689,-4791.665894396875,28269.57989718099
2011-07-11,24074.085113116587,8714.167714162955,39180.3334407029
2011-07-12,27247.594820135808,10105.94311672289,43439.13792424431
2011-07-13,25009.963052605,8376.611730027456,40591.34577563356
2011-07-14,32525.288902844935,16391.978509369575,48924.46749823744
2011-07-15,23125.864887169744,7683.825934522745,40146.93941409643
2011-07-17,14216.64768142922,-1793.1139773514585,29355.253688482986
2011-07-18,25869.55824526146,9098.375483026864,41597.45802016565
2011-07-19,28726.388812337264,12973.962023968154,45263.91116807262
2011-07-20,26150.146875535233,10699.242926474833,42730.06267266668
2011-07-21,33317.70246990674,17316.054466516456,48442.10172573049
2011-07-22,23574.10363489432,7385.587459673832,39449.12728844581
2011-07-24,14035.723094904124,-2763.7542362910585,29541.151746159925
2011-07-25,25425.336870691626,9524.72419647049,41843.271557602304
2011-07-26,28065.135753742925,12470.730135597565,44613.347658617386
2011-07-27,25324.945099541714,7851.1416743489235,40209.851559857336
2011-07-28,32386.38734810047,15923.109017076076,48069.4695176156
2011-07-29,22597.04919589904,7355.783332820315,38856.52428861084
2011-07-31,13147.035194167443,-2598.2149697038262,28682.410995454728
2011-08-01,24664.48978037485,9129.757579729787,40562.74159328059
2011-08-02,27480.21067363772,11811.824960802936,43653.01252295769
2011-08-03,24955.92383867386,8572.249200229195,41913.96717281952
2011-08-04,32263.620724580964,17396.0171868163,49360.157192217186
2011-08-05,22740.067285528952,6105.447727156055,39331.50421502528
2011-08-07,13833.316851374755,-2086.7121068159367,30046.551084330447
2011-08-08,25604.255208409108,10026.29132951642,42297.86991702867
2011-08-09,28645.864210937725,11561.262266715077,45804.53590881141
2011-08-10,26309.260562637377,9521.671857085654,42775.964194838736
2011-08-11,33757.11803474448,16228.63375993429,49094.90473803263
2011-08-12,24318.53420424598,9403.50024746488,41015.12997142806
2011-08-14,15395.503535464384,-702.2643332337452,31814.641601677486
2011-08-15,27060.549334903106,10059.608756989506,43145.30241805619
2011-08-16,29932.06429447759,12929.120211781768,45426.77182190719
2011-08-17,27365.00485564095,12274.68390614836,44221.608032163436
2011-08-18,34528.31620051226,17314.005970631795,50784.29814787741
2011-08-19,24759.653877283,9729.957771254709,39314.97363673908
2011-08-21,15084.124076178534,-536.4161525520383,30518.873715334797
2011-08-22,26352.940132944022,9573.832723064748,42837.88473483708
2011-08-23,28834.304784918997,13430.366298109331,46708.4637012737
2011-08-24,25898.519975019102,10916.436474720167,41544.015650701935
2011-08-25,32729.94252866016,16469.95032816674,48632.92876791646
2011-08-26,22681.212934025218,7115.283276971513,39048.54816103391
2011-08-28,12655.893865363916,-4687.20680615118,28663.501756457696
2011-08-30,26411.71595414322,10705.460566223803,42376.88399919271
2011-08-31,23631.869892286988,7648.8709094986225,39288.25482492714
2011-09-01,30726.57190949276,15163.95356173359,46333.41909895229
2011-09-02,21048.696306285354,5214.83579813293,36520.97432322512
2011-09-04,12073.214025348441,-4042.561930291441,28038.368021978764
2011-09-05,23959.824969473117,8045.040014299052,40107.500666237844
2011-09-06,27234.87686734302,10824.042909724403,43865.22261749136
2011-09-07,25260.293198866908,9061.293575776062,42494.621188490404
2011-09-08,33206.98947580565,18937.44762206336,49650.38558888953
2011-09-09,24409.334291082316,8705.552983546275,40359.026572258124
2011-09-11,17198.73800675727,1454.6917944184095,33122.790596705294
2011-09-12,29928.39619503501,14721.691196766302,45224.11815375478
2011-09-13,33992.613226213216,17697.049947781576,50022.489816411384
2011-09-14,32733.552722824832,15877.925520231418,49142.75968001222
2011-09-15,41303.803188634,25564.87187931004,56444.9296800612
2011-09-16,33021.361173095065,17000.799373066464,49940.1336186278
2011-09-18,26463.232194858057,9506.779066602578,42404.147790417286
2011-09-19,39311.10853271007,22025.170198720953,54484.681883238096
2011-09-20,43347.714957625416,26130.28463056993,58577.52547574854
2011-09-21,41914.28556763747,26159.020501124756,57901.30353859579
2011-09-22,50166.11441676051,34678.89711661139,65471.39472341513
2011-09-23,41427.493888631,24699.957847597878,59195.13905072553
2011-09-25,33585.90147915272,16469.921617734635,49188.80898980496
2011-09-26,45635.24641977988,28196.539008374348,61703.03921779715
2011-09-27,48792.32274144019,33452.78872503982,65060.09727143789
2011-09-28,46418.596319779,29865.142214130963,61635.14375281286
2011-09-29,53691.0187283718,38378.29698212063,70046.61299046225
2011-09-30,43956.382560648686,28381.32806622427,60247.29452326761
2011-10-02,34163.493623204,17292.59874268918,49111.10892474618
2011-10-03,45301.286947804736,29630.374050526534,61626.182593085025
2011-10-04,47616.48183947762,30022.273786209764,64645.27633786577
2011-10-05,44488.26999652891,29447.86868052396,61312.287767405236
2011-10-06,51108.76996146234,35123.918962993215,66427.91030244544
2011-10-07,40836.98670253207,24509.166139474753,58442.54296889882
2011-10-09,30346.441735254055,13551.382348421497,44711.56461579635
2011-10-10,41331.069941406604,25139.14168188944,57081.38991342783
2011-10-11,43622.44008208485,27802.07075159838,59689.470950641546
2011-10-12,40594.511059392826,24370.510106417933,57075.046420816645
2011-10-13,47430.86055386622,31504.84191991122,63449.97769197479
2011-10-14,37478.93886188444,22111.00181634406,53337.32577485739
2011-10-16,27881.231695952403,11924.729304885388,44404.441251235985
2011-10-17,39404.45968496207,23078.197972499398,55237.28194685553
2011-10-18,42270.7757458563,25195.175565202182,58616.20636343729
2011-10-19,39834.54535382967,24131.617351057637,57355.43040714599
2011-10-20,47259.87029624895,31492.12183108034,64114.69115823582
2011-10-21,37875.444089788936,22277.704577569526,53634.95075670528
2011-10-23,29280.273451096346,13662.379501422589,45008.63843219928
2011-10-24,41209.58457783879,25158.35021343249,57700.442131026015
2011-10-25,44403.46450036836,27962.184151400295,61568.4160897428
2011-10-26,42208.679876461276,26527.18996247239,58332.22227079419
2011-10-27,49784.974408547285,34557.612776826194,66854.37264304927
2011-10-28,40460.04028461361,25281.287596164806,56095.15328057745
2011-10-30,31722.14479736842,16177.059548292053,48260.16240038783
2011-10-31,43463.56232897182,28188.772262313323,60466.318324051455
2011-11-01,46406.208947439336,29963.65167221081,61910.55196840395
2011-11-02,43910.663895929494,28019.523323988702,60130.910240801044
2011-11-03,51152.37137423027,35527.91762274775,67309.71506124716
2011-11-04,41476.072388658155,25006.296284494496,57193.79653158854
2011-11-06,32056.48888995751,15860.12886597738,48549.951920152766
2011-11-07,43502.990432923136,27551.189744252326,59434.60123719268
2011-11-08,46203.50222988571,29874.835684185284,61628.07878703
2011-11-09,43533.2348715636,27543.589968094697,59464.08520223457
2011-11-10,50680.001210013244,35376.30749513895,67498.9005966385
2011-11-11,40998.16095408669,24516.420915411032,56596.83873352248
2011-11-13,31858.067319883703,15197.688700841507,47275.96764705497
2011-11-14,43591.89732014035,25982.19441834148,59819.93825566936
2011-11-15,46673.425399118,30648.729641593804,61836.394444689744
2011-11-16,44469.633652513854,28133.490949324387,60754.034705476304
2011-11-17,52156.48777776923,36243.812879612924,67980.87029550254
2011-11-18,43073.13771166225,25709.42756463019,58468.55297972436
2011-11-20,35229.88406295327,19384.834747007735,51691.17274422837
2011-11-21,47618.632933778965,31749.67043366875,63243.09386168958
2011-11-22,51327.81308477619,35154.10530502559,68690.56861305202
2011-11-23,49699.73094411013,32635.23441201117,65448.520120894784
2011-11-24,57885.76292029982,41760.95165237299,73049.09612491335
2011-11-25,49201.30231589072,32848.48360688889,64804.95838138528
2011-11-27,41768.52448746169,25834.377517469606,58294.17611544982
2011-11-28,54132.034933949,37526.68833093362,69114.5334315386
2011-11-29,57643.30764088759,41040.16200533777,73831.9140796725
2011-11-30,55635.34883093883,40442.0408377091,71243.967978541
2011-12-01,63254.71986791705,46861.52486638562,79943.74215419382
2011-12-02,53816.77937137677,37770.522953756095,69325.57403699348
2011-12-04,44341.22354527424,27804.08525211391,59105.765915674005
2011-12-05,55440.10922266884,38218.28733632258,71185.9015328583
2011-12-06,57548.941619739926,40999.26588968547,74113.3872292799
2011-12-07,54024.40998373319,37915.416453198515,70929.30860663406
2011-12-08,60040.52837560086,45470.47438267533,76500.56509534668
2011-12-09,48943.267767746904,33273.0284593041,64891.798371643585
2011-12-10,6383.074758283408,-10587.490521558922,22350.579854805485
2011-12-11,36114.79022665951,19099.035502022958,51410.627939388665
2011-12-12,45590.34784589193,30047.339517128974,60547.99971147566
2011-12-13,46158.59998323071,28958.39291107474,63184.59549634721
2011-12-14,41210.74732291361,24473.37765729986,58243.8745644914
2011-12-15,45953.461180131126,30439.462545601258,61696.97856193074
2011-12-16,33762.66190786203,16779.060690717546,50761.49795164235
2011-12-17,-9684.75828705712,-26450.59520574324,6963.526478447168
2011-12-18,19388.2672308319,3398.105128502854,36667.17654001938
2011-12-19,28451.06181841655,12015.73360342122,43926.80689868934
2011-12-20,28864.53258584219,11663.087830115,44170.95964730448
2011-12-21,24026.2329369392,7742.194812765365,39951.21278239963
2011-12-22,29143.26055181299,12665.696176045421,44844.48607148096
2011-12-23,17585.96137970361,1367.2824091755233,33007.32353882149
2011-12-24,-24980.26888475317,-40847.38221523575,-9417.369051915428
2011-12-25,5204.448534692667,-10399.90274251968,21588.378315123162
2011-12-26,15586.935569231291,-1092.0625098360233,30919.862517533787
2011-12-27,17500.800049927355,1108.4033006336508,32465.44657379229
2011-12-28,14312.139052765626,-1731.2062167576591,30815.559782275177
2011-12-29,21193.18650076032,5181.410339297539,38269.12570175948
2011-12-30,11476.85633014129,-2681.5330075892552,26525.879196172627
2011-12-31,-29210.549049651134,-45028.42444629054,-12746.752231615363
2012-01-01,2851.045751912272,-12040.264281331918,18215.598499364347
2012-01-02,15068.91966536136,-1171.8754210163654,30862.885613108225
2012-01-03,18738.362267787266,2579.0097291825086,34275.19925672056
2012-01-04,17189.310051512643,993.7237976848581,34883.93850566168
2012-01-05,25560.87101815211,9638.014161045818,42187.30090993315
2012-01-06,17156.665895884,1084.1691178365108,32970.89044836087
2012-01-07,-22421.765179009282,-39016.816785008195,-6766.020857731977
2012-01-08,10526.002034262468,-5365.294529579835,27745.347419658192
2012-01-09,23393.15357675832,7136.711716499334,39004.48405050352
2012-01-10,27466.74705768672,10991.002722299734,42694.69641628682
2012-01-11,26074.49858545945,10287.758492508914,41608.86992059009
2012-01-12,34359.30260418528,18578.470529861934,51645.9349515306
2012-01-13,25634.413706748313,8946.836269814334,40922.635909951976
2012-01-14,-14483.455805301899,-31426.48325129073,445.2908947873591
2012-01-15,17726.378885512368,1335.3292101471548,32533.763403618228
2012-01-16,29681.87486381461,13256.088994403675,45463.28312107456
2012-01-17,32698.68136379042,17082.938519502022,48879.79737223681
2012-01-18,30136.143938733418,15387.028342651565,45647.04301857063
2012-01-19,37170.970146645996,21056.791173586145,53269.30342739752
2012-01-20,27151.509123125415,10493.386950240718,42236.60456770754
2012-01-21,-14270.07670938253,-30704.109568997363,2116.7300554813
2012-01-22,16661.778671788623,1644.6438863727074,32580.308506754915
2012-01-23,27398.44628010944,10943.222825584413,43619.88406925489
2012-01-24,29286.6736710282,13388.069435886353,44815.11910561855
2012-01-25,25713.813179529774,8354.54653061911,42417.91180518356
2012-01-26,31880.80429917195,15600.174304360364,48206.04707017326
2012-01-27,21155.880115899316,4464.554583028367,37376.46579405782
2012-01-28,-20793.709567212107,-36576.143625327095,-4210.842135578933
2012-01-29,9797.57890417229,-7056.643657455343,25413.271456127073
2012-01-30,20385.813691196643,3604.2259781032585,36743.116935431135
2012-01-31,22317.133779680975,7083.189221956658,37820.38392001346
2012-02-01,18973.096500031188,4312.600380385195,35351.70637230302
2012-02-02,25543.918734998988,9633.814174859557,41585.78130472372
2012-02-03,15382.572943297533,-1158.4979671509122,30773.746188572462
2012-02-04,-25862.98169968418,-43682.99579826065,-10333.380231126142
2012-02-05,5550.088773837171,-10864.850921815229,21425.136155418044
2012-02-06,17052.419426439053,444.0314859101769,32982.36930278385
2012-02-07,19962.75268632698,4258.445124894379,36104.246256940954
2012-02-08,17634.088132537327,2865.324984592817,34673.7408678448
2012-02-09,25227.745330628775,10604.520208036876,42249.01494273841
2012-02-10,16068.27758478872,975.1157685881764,32062.948279061955
2012-02-11,-24223.505994584142,-41925.38252585408,-8509.267912338339
2012-02-12,8070.089796974047,-7742.920864431937,24179.321473029493
2012-02-13,20357.245759830614,6051.895971557164,36563.14007994159
2012-02-14,23937.520612649314,9442.379391688075,40126.64711037079
2012-02-15,22148.48421815956,6228.706947445158,38897.01903595874
2012-02-16,30140.14885888819,14179.355356076545,45310.90474505264
2012-02-17,21230.127453492085,5210.970350552515,37260.28338239497
2012-02-18,-18963.22923483994,-35415.77697689541,-2630.168402745363
2012-02-19,13279.781912718612,-2935.782973320281,29317.74124857716
2012-02-20,25373.671352234767,9373.049852457098,42509.63288379578
2012-02-21,28628.38177467153,12888.184020338796,46471.19258757018
2012-02-22,26395.54031186302,9631.372080819121,42199.18776477874
2012-02-23,33842.407678274816,18759.176835974646,50099.23869870677
2012-02-24,24306.468400875667,8116.767174112727,39798.35111236303
2012-02-25,-16572.068232042155,-33632.736841896665,-1976.7482619804618
2012-02-26,14949.661183985563,-269.58248295333027,31398.697279405824
2012-02-27,26309.915676006927,10656.978039094036,42419.93543100592
2012-02-28,28842.254200554184,12121.891275611362,44935.25533891336
2012-02-29,25921.081321336434,9824.8688785184,41490.11547843845
2012-03-01,32734.92444861786,16367.696051332008,49888.68059525596
2012-03-02,22640.406131346495,6383.6910313247845,37346.53929534019
2012-03-03,-18705.801389557815,-36157.51543295323,-3693.7519601999807
2012-03-04,12452.493625235285,-4425.7869449779055,28140.65555051674
2012-03-05,23563.383837961563,7561.149973882125,39677.373126467486
2012-03-06,25966.516101670368,10027.089571555285,42009.562173273596
2012-03-07,23038.50142852745,7337.04491968546,38927.74328718415
2012-03-08,29966.17468373873,13612.718496504742,46269.883139224374
